rwa-ae-al-3-1-1.job,129
rwa-ae-al-3-1-2.job,129
rwa-ae-al-3-2-1.job,129
rwa-ae-al-3-2-2.job,129
rwa-ae-al-3-4-3.job,129
rwa-ae-al-4.job,129
rwa-ae-al-5.job,129
rwa-mft-al-asaq-0.25.job,129
rwa-mft-al-asaq-0.75.job,129
rwa-mft-al-asaq.job,129
rwa-mft-al-dhappq-0.25.job,129
rwa-mft-al-dhappq-0.75.job,129
rwa-mft-al-dhappq.job,129
rwa-mft-asaq-dhappq-0.25.job,129
rwa-mft-asaq-dhappq-0.75.job,129
rwa-mft-asaq-dhappq.job,129
rwa-pfpr-constant.job,129
rwa-replacement-asaq.job,129
rwa-replacement-dhappq.job,129
rwa-rotation-al-3.job,129
rwa-rotation-al-5.job,129
rwa-seq-al-asaq-pause.job,129
rwa-seq-al-asaq.job,129
rwa-seq-al-dhappq-pause.job,129
rwa-seq-al-dhappq.job,129
rwa-seq-asaq-al-pause.job,129
rwa-seq-asaq-al.job,129
rwa-seq-dhappq-al-pause.job,129
rwa-seq-dhappq-al.job,129
rwa-tact-alaq.job,129
rwa-tact-dhappqmq.job,129